,Time mean,Time variance,Volume mean,Volume variance,Flow Rate mean,Flow Rate variance,Flow Rate predicted RSME
"In Lab, vol=large, rate=fast",5.0534693877551025,0.2696954379512207,683.7755102040817,38.69661123520295,135.34990978551508,2.383452912928539,13.424159398197629
"In Lab, vol=large, rate=slow",10.625918367346937,0.7278075477285272,641.8979591836735,45.826777515061714,60.24033691316723,0.7840052048768678,2.8812006341920604
"In Lab, vol=small, rate=fast",0.5478,0.11060667581431909,39.568,5.662026751859753,75.0008198461673,17.536600227403554,65.95329032758994
"In Lab, vol=small, rate=slow",0.5852,0.13531882231777434,35.834,8.050062998866176,62.00975103172179,9.376573165546192,52.34656463221996
"At Home, rate=fast",2.913,0.23856623012037176,299.9,24.50724644273869,102.96919092822745,1.9339962000950148,7.076802391426556
"At Home, rate=slow",7.0882499999999995,0.24231667667511417,199.2,5.966573556070519,28.10973874379723,0.4277461657833822,0.8053941586794626
