,insulated,uninsulated
c1,12.826240145173129,9.826186161467703
hAs/mCv,0.06344784091871157,0.2320220092397024
T_inf,35.69331101570345,34.817630465774435
